ulasan;label
Tempat nongkrong yg pas buat yg ga suka kebisingan kendaraan;positive
Tempat Nongkrong Nanika adalah surga bagi para pecinta kuliner dan penggemar kopi. Lokasinya yang strategis di pinggir jalan membuat tempat ini mudah diakses dari mana saja. Suasana nyaman dan santai membuat saya betah berlama-lama di sini.;positive
Baik untuk menginap;positive
Terbaikk dehh, rekomen buat nongrong dan ngemil di sini apalagi bareng temen dan kluargaa, yang paling enak di kopinya;positive
good place to sit and relaxing. nearby hospitals and also provide spacious parking line. has live music shows at weekends times;positive
Mantap kopisyop ada cuci mobil jadi santai nunggu mobil dicuci;positive
Coffee shop terlengkap yg ada di PKY, dengan menu makanannya banyak dan bervariasi, serta snack nya yg lengkap, apalagi makanan minumannya enak semuaaaaa🥹🫶🏻🫶🏻🫶🏻🫶🏻🫶🏻ga rugi bawa keluarga kumpul di tempat ini, apalagi pelayanan baristanya, …;positive
Tempatnya sederhana namun terasa hangat saat berkumpul;positive
Tempat asik;positive
Kalau kata nex carlos “ga ada obat!!”;positive
Bagus, menu banyak pilihan 👍👍👍 …;positive
Wadah Sekte untuk anak anak terpilih ke dunia digital;positive
Salah satu tempat ngopi favorit di kota ini. Selain dekat dengan tempat tinggal, owner nya ramah banget.;positive
"Sebagai penyuka es kopi susu, di Palangkaraya pengen dong nyobain juga.
Akhirnya pesan es kopi susu di sini via GoFood. Pas diminum, es kopi susunya terasa banget memakai kental manis, bukan susu UHT/pasteurisasi/susu murni. …";positive
Cobain deh seru;positive
Gak ada WiFi nya, cafe apaan..;negative
Comfort coffe shop;positive
Salah satu minuman terbaik nya mulakophi..,;positive
Rekomen jika ke Palangkaraya;positive
harga diri kualitas tidak sesuai, cuci 5 mobil kaget hampir 500rb;negative
Pembuatan V60 Japanese sesuai dengan ekspektasi. Makanan jg enak. Recomended coffee shop;positive
okk trmpatnya;positive
Enak buat nongkrong;positive
Nice place for ngopi, so large, comfortable for a lot of people👍 …;positive
"Tempatnya cozy,minumannya juga oke..sering penuh,jadi sedih banget kalo gak kebagian tempat ☹️
Kata temen2 bukanya 24 jam,tp belum sempet nanya sma pegawainya bener atau gak..kalo bener sih mantap lah,jadi bisa order kopi pas lagi lembur 👍";neutral
Cantik dan keren;positive
Nyaman untuk nongkrong anak muda, tp krg recomended untuk kluarga atau anak2;positive
Buat warga Palangkaraya ataupun teman-teman yang akan berkunjung ke Palangkaraya wajib banget cobain Toko Kopi dan Bakmie Santai , Bakmie nyaaa enak polll , varian original aja enak bangettt, buat yang mau nyobain varian lain wajib banget …;positive
Overall, services, food and beverages are excellent yet sorry to say, tempatnya agak gerah yaa di dalam. Meski dibantu AC dan kipas di berbagai titik, rasanya masih kurang cukup untuk memberi kesan nyaman.;negative
Makanan dingin, lama pelayanan oke oke aja tapi butuh improvisasi;negative
Kalau mau kopi susu cobain srikandinya, enaaakk. Tapi kalau mau coba yg beda, Dawet ayu nya juga recommend, snacknya juga banyak, sekalian numpuk lemak jahat + asupan kafein, tempatnya indoor dan outdoor;positive
Sogood nasi gorang dan paduan kopinya;positive
Coffee industry, not serve manual brew.;positive
Kesini krna rekomen dri org2, ternyata emg bener seenak itu bakmie ny! 👍 …;positive
What a cozy place, love it!;positive
Great ambience, good coffee;positive
Coffee shop recommended dekat pusat kota;positive
"minumannya enak,tapi pegawainya berisik,saat ada customer beberapa karyawan sibuk push rank sehingga menimbulkan berisik jadi membuat customer terganggu
mohon dibenahi untuk attitude karyawannya 🙏🙏 …";negative
The best ever 🤩 …;positive
Kalau bisa 24 jam wkw;neutral
Seminggu sekali bisa mampir kemari tuk beli Ayam Bumbu Rempah dan Kopi Nanika bersama Keluarga.;positive
Layanan ramah, makanan enak dan harga standart, rekomended;positive
Tempat nya sempit dan pengap, terlalu banyak orang;negative
keren bgt kakak2 baristanya sgt bagus attitudenya, sopan, dan ga judgemental bgt 🔥 …;positive
suka tempat ini, orderan cepat, karyawan ramah, dan tempat nyaman, rekomentded ice cream, nya banyakkkkk.. cocok untuk tongkrongan anak muda, dan yg punya anak kecil ..;positive
Tempat ngopi yang asik di tengah kota Palangkaraya, antrinya panjang karena kebetulan malam minggu. Live musik bikin asik;positive
makanannya enak, dan baristanya baik;positive
Mantab;positive
Gas;positive
tempatnyaaa estetik, makanan enakkk enakk apalagi matchaanyaa, sama miee gacornyaa enak bgt!!!!;positive
Penasaran liat cafe nya sllu rame jd kmrn ksna,, pesan snck lma bgt di antr smpai minumx mau hbs 1 jm nunggu pas suami tnya lg katax nanti di antr, pas udh nunggu hmpir stngah jam blm di antr juga lg,, dan akhirx dbwa pulang snckx malah …;negative
Asik;positive
"Untuk pelayanan kasir mungkin bisa ditingkatkan lebih ramah dan informatif. Salam senyum sapa untuk pelanggan.
Semoga lebih baik";neutral
Sip pokoknya..;positive
mahal;negative
"nunggu kentang goreng nya aja sampe 1 jam, pas dateng asin banget lagi.
Keburu bete.
Ternyata beli offline atau online sama aja, lama banget.";negative
makanan dan pelayanannya oke, suasananya juga cocok buat nongkrong sama teman-teman 👍👍👍👍 …;positive
suka banget sama minumannya yang black latte;positive
Tempatnya nyaman, dekorasi jg bagus, menjelang sore pemandangan nya indah...yang suka tempat yg dgn desain yg bagus coba deh kesini;positive
Mantap;positive
"Fore selalu recommend

Saya di kaltim, ke palangkaraya juga pas ada fore. …";positive
Menunya banyak, menu makanan berat banyak dan enak. Porsi besar pula. Puas makan minum nongki disini;positive
Kalau bisa makanan atau pun untuk snacknya dijaga kualitasnya ya. Dulu beli cirengnya masih oke, trus malahan skrang malah berminyak dan sorry ga crispy. Tempe mendoannya juga berminyak pake bgt, goreng sesuatu ga juga sampe minyaknya kek …;negative
Makanannya rekomended walau agak lama gpp, pelayanannya ramah pegawainya frenly dan suasana cafenya enak sekalii. Terima kasih maju makmur❤️;positive
Good coffe.. good price.. good ambience..;positive
Selalu suka dgn kopinya, meja dan kursinya enak bgt buat ngerjain tugas, makanan jg enak, harga terjangkau kantong mahasiswa😃 …;positive
Makanan dan minuman enak. Harga affordable. Tempat nyaman✨️💫 …;positive
Coffee shop yg asyik, roastery, jual perlengkapan kedai kopi, semuanya lengkap deh;positive
Minuman sangat enak dengan variant yang beragam, dari kopi hingga non kopi. Pelayanan dari para staff lumayan ramah. Suasana bergama, bagian dalam Kita bisa santai tenang beracc, dan bagian luar bisa chil bareng teman-teman.;positive
Makanannya enak pelayanan nya baguss dan ramah🤩🤩 …;positive
Tempatnya bagus, pelayanannya agak kurang memuaskan sih, tapi cocok lah buat ngajak temen jauh dari luar kota buat coba cafe di Palangka Raya;neutral
Salah satu cafe dengan nuansa yg nyaman karna banyak tanaman disekitar cafenya, penyajian minuman juga sangat cepat, pegawainya ramah, semua makanan dan minuman enak + tempat parkir sangat luas❤️‍🔥❤️‍🔥 …;positive
Tempat yang nyaman untuk nongkrong dan kumpul bareng temen;positive
"Hmmm lumayan enak minumannya. Pelayanan lumayan agak lama dikit.

Agak gerah walau udah di AC. Banyak kok colokannya …";neutral
"🔸 5 ⭐ overall untuk cafe ini 🤩
🔸 akses masuk sangat mudah karena berada di tepi jalan protokol
🔸 parkir mudah dan dikelola petugas yg ahli …";positive
Panas;negative
Nyaman, enak buat nongkrong, ngobrol, harga terjangkau, pelayanan cepet;positive
Ada pelanggan bukannya dibikin malah suruh nunggu kelar syuting ga jelas;negative
Tempat yg rekomen banget;positive
tempanya nyaman enak buat nongkrong💪🏻 …;positive
lumayan tempatnya, bagus buat lu yg gila estetika;positive
Terbaik;positive
"Tempatnya nyaman
Free wifi
Harga standard";positive
makanan ny enak-enakk.. 😁👌 …;positive
bakaran sama katsu nya enak aja, cuma nasi nya keras dan dingin.;neutral
Enak makanan nya;positive
Kopi disini sangat enak. Racikannya passs buat aku. Istriku juga suka minum coklatnya. Bagi penikmat kopi, belum lengkap klo belum mencoba di About Something Coffee.;positive
Untuk pelayanannya sangat ramah dan baik, untuk tempat asik nongki main mobile legends , makanan dan minuman nya sangat recomended saya suka, sukses terus maju makmur kaya selalu😁 …;positive
Proses cepat tanpa lambat;positive
Dekorasi penataannya cozy & cantik. Untuk kue varian coklatnya termasuk enak sesuai harga, tp kalau yg cheesecake masih standart ada yg lebih baik. Harganya cukup mulai dari 20an/item, menengah ke atas ya kalau segini biasanya;positive
Suasana nyaman buat habiskan waktu.. dan toiletnya bersih sebagai nilai lebih👍👍👍 …;positive
Lelet;negative
Mantap kopi enak;positive
Tempat yg enak buat diskusi dan bincang ringann, love barista sweety cubby, kopienak, layananramah cuman jaga kebersihan ya putung rokok dan penggunaan plastik biar ramah lingkungan;positive
"Car wash ampas..
minta tambahan di luar nota krn bawahnya kotor katanya dan
hasilnya pun ga bersih juga... cukup skali lah ksini";positive
Ichigo my love,apalagi yg bikin kak Ayu😍 …;positive
Kopi Long Black .. joss;positive
Tempat yang menarik;positive
Tempatnya cozy bgt musiknya jga enak didengar karyawannya ramah bgt dan makanannya juga enak2 semua;positive
Tempatnya nyaman, cukup ramai juga, suka sama ice cream vanilanya enak..;positive
Sangat asyik..apa lg kalau gacor ordernya + dpt free minumnya;positive
Mantapppp pake bangetttt...Pengen balik lagi deh...;positive
"Tempat ngopi 24 jam bagi pencinta kopi di palangka raya...
Tempat yg sangat2 sip dan rame pengunjung.. 👍👍👍 …";positive
Langganan Cuci Mobil Disini;positive
udah beberapa kali kesini gak pernah kecewa sama service & makanannya, the best cafee in palangkaraya 👍🏻👍🏻👍🏻 definitely will come back again! …;positive
"kafe terbaik di palangkaraya👍
biar rating yang menjelaskan …";positive
Utk pesanan online terlalu lama menunggunya;positive
"Menunya enak
Tempatnya bersih dan nyaman";positive
Makanan dan kopi.ny enak.. Rekomendasi tempat santai terbaik...;positive
Tempatnya nyaman,  kopinya nikmat,  gk nyesal deh ngopi dsini,  pelayananya baik;positive
Americanonya enak;positive
Trust me, Arusta is one of the finest coffee shops in Palangka Raya, offering perfectly blended drinks, tasty food, and delicious pastries. I love the vibe in the evening, especially when hanging out with friends, because it’s so relaxing and enjoyab;positive
affordable price, cozy place, delicious meal;positive
Ok.;positive
minta coffee nya di kasih gula eh pas datang malah pait banget berasa ga ada gula nya, terus juga request an gula nya tadi beda beda malah rasanya nya di samain semua😞😞😞 …;neutral
cafe ternyaman buat nugas, minesnya ga ad wifi sih overall worth ith suasananya adem;positive
Makanan enak, kopinya enak, tempatnya juga nyaman buat nongki bareng besti🫠 …;positive
Espressonya enak, ruangan cukup bagus dan nyaman;positive
Pelayanan bagian kasirnya agak kasar ya judes;positive
Tolong diperhatikan utk pesanan onlinenya ,,,!!!!!;positive
sangat enak;positive
Weekend full di serbu gen Y n gen Z. Varian squashnya asem. Mu gkin pertimbangan buat beli coffee nya dan other beverage aja;positive
Setelah sebelumnya kecewa dengan es kopi susu lain di Palangkaraya, akhirnya mencoba pesan di sini. Alhamdulillah, es kopi susunya enak, pas rasanya.;positive
sambil santai cuci mobil;positive
Tempat sambal, saus dan kecapnya cuma satu didepan kita harus ambil kedepan. Tisu pun harus ambil sendiri gak disediakan di meja. Sayang banget padahal makannya oke;neutral
Cozy banget tempatnya;positive
Tempatnya baguss;positive
Ngopi enak ya di sini, selain banyak menu kopinya. Juga asik jadi tempat nongkrong.;positive
Santai...;positive
tempatnya sangat nyaman;positive
Tempat nya menarik lokasi strategis, pelayanan terbaik serta kopinya terenak di dunia tiada tara.;positive
tempatnya instagramable, nyaman, didalam ber ac dan punya ruang vip untuk rapat ( ber ac ) barista serta owner ramah, minumannya enak enak, makanannya enak semua;positive
5/5 👍 …;positive
Makanan dan minuman enak, sayang nggk ada Suasana musiknya.;positive
bakmie 🤍, jadi pengen nyoba semua varian …;positive
Enak;positive
Mie Latupnyaa juaraa bangett!!🤩🤩🍜barista ramah dan friendly serta tempatnyaa nyaman bangett🫶🏻🫶🏻 …;positive
Mantapp;positive
Tempatnya bagus, pelayanan lebih ramah ya;neutral
Sangat sangat mantabbb;positive
"Kurang suka dengan menu makanananya.
Suasana cukup bagus";neutral
Ayam teriyakinya kaya beda dengan rasa2 ayam teriyaki pada umumnya, sedikit asin, kerupuk basahnya enak, pas, gak bau , coffee caramel macchiato, di lidah aku kemanisan, coffeenya kurang berasa karena manis banget, tapi secara keseluruhan, enak semua;neutral
Enak dan nyaman,;positive
Gokil tempatnya, minuman nya jg enak2. Salah satu yg terbaik di palangka;positive
Tempatnya nyaman dan suasana outdoor cocok dgn lokasi yang sepi. Drinks juga enak, cuma sempol ayam keasinan.;neutral
Its a good place to chill;positive
Menikmati malam minggu di sini diiringi live musik;positive
Pelayanannya mantapp;positive
Tempat ny enak buat nongkrong, pemilik ny enak di bw ngbrol dan supel.. Harga ny terjangkau ..;positive
"Cozy, nyaman.. Tapi kurang ""eye catching"" Jadi kalau orang baru lewat tidak terlalu kelihatan..";positive
keren;positive
"Tempat nyaman, pelayanan sangat baik, menu bervariasi dan semua enak.
Pilihan terbaik kalau mau lunch bersama kolega";positive
Banyak spot buat foto cantik ✨🤏 …;positive
Kala Rindu ini diaaa cafe yang saya rasakan datang langsung menikmati secangkir kopi di kelilingi warga palangkaraya yang ramah ramah juga humble , serasa syahdu menikmati kopi nya …;positive
Kesini enak banget suasana nya, ga terlau rame tapi ga sepi juga, pelayanan nya bagus dan ramah, tempatnya rapi dan bersih. Diluar kalau malam lumayan bernyamuk ya, semoga ada perangkap nyamuk elektrik buat kedepannya;neutral
More snack please;positive
"The coffee is great.
The place is good but 2 dimensional there's lots of space left untouched.
Better you add snacks and food as companions for your great coffee.";positive
"Cepat buatnya... Rasa oke lah cuma buat kopinya ga terlalu strong sih tapi oke lah
Tempat good banget …";neutral
Menunya enak-enak semuanya. Harga aman di kantong. Ruangan sangat nyaman. AC adem poll. Kalau mau di outdoor juga bisa. Bagus untuk hang out, meeting ataupun untuk mengerjakan tugas pribadi, perkuliahan juga bisa.;positive
Oke;positive
Tempat ngopi mantap;positive
Nice coffee shop with satisfying service. The place is cozy to hang out or to work. Love the donuts and the macchiato 💕 definitely the best coffee place in town …;positive
enak makanannya dna buat santai;positive
"lokasi di pinggir jalan
buka sampai jam 12 malam …";positive
Suasanya indah dan enak buat bersantai bersama kekasih;positive
Comfy cozy place;positive
Serving time baik, tapi saat menyajikan waiter gemeteran hingga minuman saya tumpah. Banyak serangga kecil beterbangan bahkan hinggap di makanan minuman, sangat mengganggu! Makanan dan minuman cukup pricy untuk tempat yang mengedepankan konsep venue.;neutral
Tempat bersih dan nyaman, menu minuman menurut saya mantab lah;positive
cozy place and good taste to visit..;positive
sejauh ini,ini kopi terenak di kota palangkaraya yg pernah sy temukan;positive
"antar anak nemuin cs nya... anak muda banget ni tempat jadi sendirian om omnya 😁😁. rame bingit
#nasasampit …";positive
Tempatnya nyaman;positive
cozy place;positive
Tempat nongki yg cozy;positive
Tempat nya adem, kopi susu nya cuma 10.000 enak lagi 😭😭😭🥹🥹❤️❤️ …;positive
Tempat comfort, menu enak;positive
Pilihan snack dan makanan beratnya enak, ada sofanya juga, jadi enjoy dan tenang;positive
Overall bagus sih. Nyaman juga tempatnya. Makananya juga lumayan banyak variasinya dan harganya pun terjangkau. …;positive
Soo calm ada hidden nya juga buat yg gasuka terlalu terbuka lebih ke relax. indoor outdoor sempurna 😻 …;positive
Menu Kurang enak. Pelayanan kurang, pesen sendiri bayar sendiri ambil sendiri, harusnya waiters menghampiri customer bukan pesan sendiri lalu bayar sendiri ambil pesanan sendiri di kasir. Tlong diperbaiki;negative
Place is good one of the most instagramable places in town;positive
Parkiran tolong diperhatikan lagi, kalo gak ada lahan parkir mending pindah. Baret mobil saya  di dempet2 Ama kang parkir. Layanan cashiernya gak bersahabat banget. Tapi gpp ketolong Ama makanannya yang enak. PR banget buat Parkirnya. Sekarang kalo k;negative
fresh!;positive
Cakenya enak dan tempat cozy cuman backsound harusnya jangan terlalu kencang biar klo ngobrol enak;positive
Tempatnya luas dan bagus untuk berkumpul;positive
seems like still preparing the spot, arrange the angle and under construction, it's spacious place, wondering if there's any kids playground, would be great add on.. …;neutral
tmpt ini cocok buat org yg anti gula deh. gua pesen moccacino yang datang cappucino. tapi bagian itu gppa, yg jadi masalah rasanya gaada, apa emg ga di kasih gula? buset😭 …;neutral
👍👍👍👍 …;positive
saya mesen makanan kn tp lama banget datangnya, trs saya samperin ke kasir, kata mbakny masih bnyk pesanan jd harus nunggu padahal lgi ga begitu rame diliat2 🙂, trs setelah saya complain 5 menit kemudian makanan nya datang… itu ga lupa pesanan saya k;negative
Malam minggu selalu penuh, harga minumannya murah. Sayang parkir mobil agak susah.;neutral
Makanan dan minuman nya recomended banget, trus murah lagi. Best semua deh, gass guys klo cari tempat nongki yg hits di pky 😊 …;positive
Tempatx nyaman, cocok utk nongki2 at ngerjain tugas. Asek2 aja sihh...;positive
Lama banget masak makanan nya, hampir 2 jam baru jadi, padahal situasi ngga terlalu ramai juga;negative
lama;negative
Cafe nya,, nyaman, bersih, pelayanan ramah,, harga affordable, rekomendasi untuk nongkrong dan ngerjakan tugas kuliah mau pun kerjaan kantor di jaman WFH(Work from Home);positive
Yg kangen dgn cita rasa Yamie Panda jogja bisa merapat dimari ngicip bakmi ayam pangsit nya, rasanya 11 12 dgn Yamie Panda cmn bedanya di saos,acar timun,dan topping pelengkap. Setidaknya sdh mengobati rasa kangen dgn jajanan jogja. So far …;positive
Lokasinya jauh memang tpi menawarkan tempat yang indah..enak dipandang... Lokasi spot foto banyak... Makannanya enak... minumannya juga enak... Buat santai sma teman² atau keluarga.. ini tempat rekomended :);positive
Lumayan asyik sambil nunggu cucian mobil selesai;positive
Cukup oke, tapi di jam stgh 7 malam agak susah buat ngobrol di sini karena jarak yang sangat dekat dengan mesjid dan suara adzan yang cukup mendominasi, setelahnya baru bisa ngobrol santai lagi;neutral
"Makanan enak2
Cuman agak pricey yaaa";neutral
pesan untuk dibungkus(3 jenis menu), kondisi pas saya pesan lagi sepi. itu aja masih nunggu 1 jam tanpa kejelasan. kapok pesan disini lagi;negative
Makan siangg disinii makanannya enakk2,dan juga harganya terjangkauu dan pelayanannya jg ramah;positive
Tempat nongkrong  yang pas, lokasi mudah dijangkau, harga ramah dikantong;positive
"Comfy for chit-chat (main lobby), semi-private meeting area (indoor). Sadly, they dont serve the food/drink to your table. Theyre just shouting out your name.
Indoor: 9/10 …";positive
Tempatnya bagus instagramable, kopinya jg enak-enak. Harga standar sih, untuk makanannya sih so-so aja rasanya.;positive
enak banget tempatnya buat nongkrong sambil ngopi, makanannya juga enak dan porsinya pas. great!;positive
Kopi susu termantap;positive
"Masukan terkait ruangan:

Kopi dan makanannya cukup enak. Saya senang melihat pegawainya sangat rajin dan …";positive
Minuman enakk, tp kadang ada yg kemanisan ada yg kepahitan, makanan enak enak, smua harganya cocok di kantong krna murah murah, suasananya enak bgtt minus ac kurang dingin;positive
Siap,gak ada alasan buat jelekin tempat keren kaya meine welt,selalu jadi tempat terbaik.sehat semua buat semua crew terus semangat;positive
"ENAKKK BANGETTTT💯
baristanya humble, tempatnya nyaman dan pelayanannya terbaikk💯💯 …";positive
Tempatnya cozy banget, makanan dan minumannya juga enak. Instagramable bnget;positive
panas didalam ruangannya dan mejanya berdeby;negative
Bagus tempatnya dan enak2 juga...;positive
Pelayanan ramah 10/10, tempat nongki setiap sudut beda konsep bagus banget out of the box cobain;positive
Nyaman;positive
Kafe yang bagus;positive
🌹❤️ …;neutral
Bagus;positive
Ok;positive
Like this place. Asyik buat nongkrong dan banyak yang seger-seger apalagi kalo di bagian luar. Widihhh....ajib lah pokonya mah.;positive
Tempatnya nyaman buatt nugass ,Fruits bombnyaaa juaraaaaa;positive
Single originnya enaks2;positive
Paling suka ramenn nyaaa, mantap enak bangett guyss! wajib cobainnnnn 🤩🤩🤩 …;positive
Tempat nya nyaman ad room khusus smoking , ramah buat anak . semoga terus maju usahanya;positive
Suasana sangat nyaman;positive
Lokasi pinggir jalan, jadi selalu ramai untuk cuci mulut (ngopi) dan cuci mata (liat cewek);neutral
"As a local, i think this place is the finest coffeeshop in the town. Its quite difficult to find café that open for 24 hours which is same as their slogan ""no last call"", well it really is! For the food i think it's 5/5, with only for …";positive
Ok aja makanan nya tapi lama banget selesai buatnya sampai sejam pula;negative
niat bawa tv trs main ps, berisik teriak-teriak, dipikir tempat main kali bukan coffeeshop.. maap tpi itu ganggu bgt dan ga ngehargain customer lain. …;negative
Kopinya enak enak semua variant .. recoment;positive
Cocok buat yg mau WFC atau mau nugas karena tempat nya tenang dan bisa bikin fokus;positive
Bakmi nya enak dan minuman rayuan pulau kelapa nya rekomen bangett❤️❤️;positive
Tempat asik buat nongkrong, coffe nya lumayan, harga relatif murah. Rekomen bgt;positive
Kopi nya enak dan pas 👍 …;positive
Siang2 kesini pesan ice black (kalau ga salah ingat di menu namanya ini) dan browniesnya. Saat itu lumayan ramai pengunjung di bagian dalam tapi masih enak suasananya buat ngobrol sama teman. Ice blacknya enak, browniesnya agak kemanisan tapi ketutup;positive
Tempatnya nyaman dan enak untuk bekerja, good pokoknya👍 …;positive
Entah apa yang terjadi dengan TBK, waitersnya banyak tapi makanannya sungguh lama menunggu, niatnya mau makan karena laper ternyata harus nunggu sejam buat makanan datang, itupun dapat bonus melihat konsumen yang gak terlayani dengan baik, gak recomm;negative
Lupa apa nama minumannya tapi enakkk;positive
Tempat kencan pertama mita setekah 1 tahun nenikah🤣🤣 …;neutral
Makanan enak, minuman enak, kurang siap aja untuk pengunjung yang ramai, penginformasian untuk pesanan yang habis juga terlambat. Selebihnya oke;positive
Maaf saya beri nilai 1 karena saya mendapatkan pengalaman kurang mengenakkan dari juru parkir samudera koffie motor saya di geser ke tempat yg berbeda dan tanahnya amblas sehingga motor saya jatuh ke bagian samping saya tegur juru parkirnya …;negative
Vip room bagus, makanan enak walaupun pernah makan jam 12 malem lebih tp agak gimana gitu rasa opornya. suasana bagus walaupun harga agak pricey untuk segelas minuman yaa, tapi overall worth it buat nongkrong krna enak tempat+menunya. minus sofa vip;positive
Tempat nyaman, layanan hebat, dan kopi nikmat! 💯☕ …;positive
Bad first experience;negative
"Tempatnya luas, parkiran luas
Makanan dan minumannya enak
Ramah dikantong 👍🏻
Bakminya sering kehabisan …";positive
🙏🙏🙏 …;neutral
"Tempatnya mudah dijangkau dan terdapat parkiran yg luas

Makanannya enak2 semua …";positive
"Pngalaman pertama kesini g enak. Kita dtg ktmpt ini sktr jm 10 mlm, stidakny klo mau close y diksih tau plnggn. Bru nongkrong 15 mnitn dh rasa2 diusir halus. Musik ""gelang sepatu gelang, gelang siramai2 ayo pulang ayolh pulang2 beramai …";negative
Ruangannya panas.  Kipas kurang.  Minumannya enak;negative
tempatnya cozy, kalau malam di weekdays cukup rame. tadi mesennya milkshake oreo, godzilla itu best seller mereka katanya, dan kentang nugget. pegawainya ramah 👍🏿 …;positive
"LAMA BGT NUNGGU MAKAN SMPE 1 JAM .
KAN KITA GA BANYAK WAKTU BUAT NUNGGU MAKAN KARNA ADA URUSAN . AKU SAMPE KELAHI SM PACARKU . NEXT GA KESINI LAGI";negative
Tempat yang nyaman buat nongki, recomended 👍 …;positive
Woww mantap..;positive
Makanannya enak enak, kopinya juga 😗😗😗.  Pelayanannya juga baik dan ramah. Suasananya nyaman banget, asik untuk kumpul bareng keluarga dan teman ☺☺☺☺ …;positive
Semoga kedepannya live musicnya lebih intens untuk ditampilkan.,;neutral
Makanan enak, layanan bagus, suasana nyaman;positive
"ramyun nya best😍😍😍😍
kopi susunyaa murah dan enakkkk …";positive
"Pelayanannya bagus harganya oke minuman dan makanannya juga enak
Tp untuk suasanya agak kurang karena di dalam sedikit gelap dan kelihatan kurang bersih";positive
Lumayan...;neutral
pelayanan nya kurang ramah;negative
Caramelnya mantab👍👍 …;positive
Suasana nyaman, bnyk pilihan minuman, parkir luas;positive
Makanan nya enak;positive
saya masih muda;neutral
Makanan dan minumannya oke, tempat bagus, tp tukang parkirnya nyebelin dan ga ramah,;positive
Good service;positive
Desain interior dan exteriornya bagus. Enak buat nongkrong. Sayang musim pandemi;positive
Bagus;positive
Cocok jadi tmpat meeting;neutral
Keren tempatnya;positive
Alangkah lbih baik lagi kalau yg duduk di dpan di sediakan kipas angin biar tidak kepanasan.. Untuk menu smuanya enak2 cuma kalau bsa gelasnya agak besaran dgn hrga segitu biar lbih wortit;neutral
Tempatnya bagus, makan dan minumnya enak, ramah;positive
Saya suka dengan affogatonya.;positive
Enak makanannya dan nyaman suasananya. Namun agar diperbaiki tuk kecepatan penyajian makanan, yg menurut kami agak lambat. Namun secara keseluruhan bagus dan baik. Rekomended tuk nongrong dan bawa kluarga kecil;neutral
Bagus pelayanan nya;positive
tempat dan makanan nya enak dan pw , baristanya juga ramah, rekomen buat nugas ac nya dingin juga tempat duduknya banyak;positive
Lokasi dan tempat parkir luas;positive
Tempat dan sajian menunya enak;positive
Mantap dan terjangkau;positive
Tempatnya bagus...bisa buat ngopi santai;positive
"paling best nagetsolor lada hitam & kospace 😋🤙🏻
terjangkau bet bagi kaum mahasiswa, anjay slebew …";positive
Memuaskan;positive
Kopinya enak;positive
Wihhhh asli enak banget smua menu nya tempatnya juga asik sih buat nyantai;positive
Magis;positive
Kopinya enak, which is mungkin ruangan tanpa rokok dan servicenya bisa ditingkatkan lagi ya, thanks;positive
Rekomended buat nongkrong dan nobar;positive
Nyuci mobil di sini ada kuning dikit aja di minta lebih 20rbu jdi 70rbu mobil kecil. Owner tolong karyawannya di tindak klo gk mau kehilangan pelanggan.;negative
para barista nya ramah sekali dan ganteng 😂🤣 …;positive
Pas untuk muda mudi bersantai disini sambil menikmati kopi. Bagi pencinta kopi disini juga tersedia berbagai aneka pilihan kopi tentunya;positive
"Tempatnya bagus banget, recommended, pelayanan nya ramah, minumannya juga enak.
memaklumi aja sih antriannya karena saya lihat banyak banget pengunjung nya. Cocok buat rame rame..";positive
Makanan enak, layanan bagus, suasana nyaman;positive
Tempat yang cocok untuk mendapatkan inspirasi ketika di rumah lagi mumet 😁 …;positive
Kecewa karena jauh 80km mau coba 2 menu dinsum nya ga dikasih dg alasan dibatasi😑 Kalo mau coba kan wajar, bukan borong …;negative
Bakmi nya best;positive
Secara keseluruhan enak tapi ada sesuatu yg kurang aja😊😊 …;positive
Gak rekomendasi makan di sini terlalu lama  banget masaknya nunggu makanan hampir 2 jam posisi tempat gak rame 👎 …;negative
Makanan+minuman cukup memuaskan, sarannya untuk pihak meinweilt untuk manajemen pesanan dapat lebih optimal karena jika dalam keadaan pengunjung ramai, yang saya rasakan cukup lama menunggu pesanan nya, sukses terus kedepannya 👍 …;positive
Fore palangka raya mantaps, coffee nya mantulll🥰🥰🥰🥰 …;positive
"Tempat nyaman untuk keluarga, luas, adem dan makanan lengkap
Pelayanan ramah & cepat
Appreciate 👏🏻 …";positive
Still nice place to chill and hangout with good coffee. *If you want strong feel coffee, just request it to the barista.;positive
Top nie, cafe dengan suasana nyaman. Tapiii segala kopi disini ada dan mulai biji kopi sampai di sajikan di gelas mereka menyediakan. Sekalian jualan alat dan bahan untuk cafe cafe di palangkaraya. Parkir luas dan nyaman untuk diskusi. …;positive
harga suka-suka oke lah kalau kualitas bagus;neutral
Zamannya pas lagi rame2 nya WFH, selalu dh kesini larinya 😆 banyak stop kontak bertebaran di sebelah tempat duduk, mau pilih outdoor atau indoor🧘🏻‍♀️ …;positive
Tempatnya enak sesuai sama nama nya santai hihi , barista nya juga ramah bgt 🫰🏻 …;positive
Nice hang out place in town;positive
Suasananya enak ada live musiknya juga..kopinya standar kayak kopi pada umumnya, gorengan nya enak tp kebanyakan minyaknya apa ga ditirisin dulu itu? , tapi kebersihan masih kurang, kek kita baru datang mejanya masih kotor dan dekat situ tu …;negative
Coffee shop baru dengan nuansa yang aesthetic banget buat anak-anak muda di Pky;positive
Tempatnya cozy... enak buat nongkrong bareng temen atau pacar;positive
Enak dan mantab buat nongki;positive
Nyaman kalau di in door, kalau di out door bau pedesnya lumayan menggoda ..lapar 😃😃 karna disamping ada r.makan seblak 😀;positive
First time masuk wow tempat nya nyaman buat santai😉🤏🏻 …;positive
makanan enak , cake nya ud nyiba 3 varian semua enak minuman juga enak, pelayanannya yg top ramah dan friendly;positive
Tempat cuci enak pingir jalan aja sih,;positive
"Yang suka Single Origin kedai kopi ini recomended banget untuk area Palangkaraya
Pelayanannya ramah, tempat bersih dan nyaman …";positive
terbaik;positive
Tempat nongkrong yang asyik;positive
Good;positive
Nunggu makanannya lama, sdh 2 jam lebih.. sampai skrng masih nunggu;negative
Makanan sudah mau habis minuman nya ga datang² juga , kacau parah pelayanan nya apalagi kasir nya 👎👎👎 …;negative
good place to sit and relaxing. nearby hospitals and also provide spacious parking line. has live music shows at weekends times;positive
Almond choco dgn triple peach americano nya enak, tempat nya juga nyaman buat bersantai.;positive
Lumayan bagus tempatnya;positive
Mantap, makann nya enak2👍👍 …;positive
Best coffee in Palangkaraya city, quick service, comfy and cozy place.;positive
Tempat yang lumayan besar dan nyaman rasa dan harga terjangkau;positive
Minuman nya enak & Tempat nya mantap utk nongkrong;positive
Tempat yang tepat untuk bersantai 👌 …;positive
Bagus;positive
tempatnya gak begitu luas tapi selalu rame. pilihan menunya banyak dan beragam;positive
Kamu sayang ngga sama aku, kalau engga biar aku tinggal ngopi sama yang lebih sayang 😄 es kopi sekut …;neutral
Tempat nya cozy untuk menggibah hahahah Pelayanannya ramah meskipun senyumnya tipizzz banget🥲 …;positive
Rekomendasi ngopi di Palangka;positive
Menu camilan kurang variatif;negative
Good place to chill and talk;positive
Makanan di sini cukup enak, terutama Cireng Kuah yang jadi alasan utama saya tertarik datang. Teksturnya kenyal dengan kuah yang gurih, benar-benar cocok untuk cemilan pembuka. Sayangnya, Iga Bakar kurang memuaskan, tekstur dagingnya kurang …;neutral
Love the vibes. Ada hawa-hawa working space di tempat ini. Terniat tar mau ke sini bawa kerjaan. Tp kurang cocok klo mau rapat online, musiknya lumayan kenceng ... …;positive
ternyaman;positive
Sukaa sama menu nya yg banyakk, makanan dan minuman yg enakkk bangetttt🥹🥹❤️❤️❤️ trus tmptnya jg bikin nyaman untuk nongkiii🫰🏻🫰🏻 jayaaa terus maju makmur semoga makin ramee💪🏻 …;positive
"Tempatnya oke dan cukup luas,cocok buat nongkrong bareng teman2
Makanan dan minuman jg oke
Recommended dimsum dan cirengnya";positive
Lumayan;neutral
Salah satu tempat favorit untuk nongkrong dan santai bersama keluarga,tempat serta suasananya nyaman dan juga untuk menu yang tersedia bervariasi.....;positive
Varian minuman yg full good,non area disabilitas,ramah ,nyaman, banyak para sales kumpul, cocok bt bicara bisnis;positive
"Bakmi nya enak banget masya Allah..
Kopi nya juga masih tetep jadi favorite 👌🏽
Tempat nya luas, parkiran luas dan crew nya semua ramah 🤗✨ …";positive
Asyik untuk mencuci mobil dan santai minum kopi;positive
Tempat santai enak. Ada outdoor nya di belakang. Untuk menu sama kyk Nvrlnd pertama dan rasa yang sama 🥰 …;positive
Bagus pelayanan nya;positive
Menarik;positive
Enak banget kopinyaa;positive
Tempat yang nyaman;positive
Tabu nian;neutral
"Sangat Recommend untuk bersantai, pelayanan memuaskan 🔥🔥

Harga mahasiswa ☑️ …";positive
Suka banget mienya di sini, porsinya pas dengan harganya dan radanya enak banget, gak keasinan, gak hambar juga;positive
Ruaammee poll sihh.. mungkin karna awal buka dan outlet pertama di Palangka Raya. Ruangan nyaman, walaupun kalau lagi rame agak berisik.;positive
Lumayan, patut dicobaa..;positive
kali pertama berkunjung, have no complaint yet selain wondering harga 25'k untuk sebuah cafe latte dengan porsi minimalis dan rasa rata-rata, better be going somewhere with signature kopi susu 20'k ngga sih..? …;negative
Suasanany enak pas ga trllu pnh pengunjung;positive
Excited !!!;positive
mantap;positive
Selain rasa makanan dan minumannya enak, pelayan dan tempatnya baik 👍🏽 rekomendasi deh pokoknya …;positive
Tempat lumayan oke...cuci mobil sambil ngopi!;positive
"Terfavorit tetep kopi eskobar dan kopi maju makmur, tapi capucinonya juga mantap ternyata 🥰
Makanan2nya juga enak, walo kalo lagi rame pengunjung agak lama nunggu makanan …";positive
Tmpat nya asik spotnya banyak . Minuman sma makannya enak;positive
Jaka sembung makan permen, oke men;positive
Snack2 nya enak... Minumannya juga enak banget...tempatnya nyantai...;positive
Nice place...asik buat nongkrong bareng temen-temen;positive
Cozy place to hang, tapi akan lebih baik jika kasir menjaga keramahan kepada pelanggan.;neutral
Menunggu makanan yg dibungkus terlalu lama;negative
makannya enak enakkk;positive
Pelayanan baik dan ramah, tersedia 3 varian ukuran cup untuk minumannya.;positive
Kedai kopi terbaik ini mah 🎉🤟🤟 …;positive
good place;positive
good food good mood;positive
Tukang parkir nya gimana sih, gak sopan males banget;negative
Tempat bagus utk bersantai;positive
Tempat kongkow with my homies best bgt⭐️⭐️⭐️⭐️⭐️;positive
Lama kehausan;negative
Kopinya enak. Makanannya enak. Tempatnya nyaman;positive
Mie Gacoan apa ya namanya, si best seller di Nanika Coffee.. cita rasanya enak, porsinya pas, rating 8,9/10 boleh lah.. Minuman non coffee (greentea macha) best juga.. suasananya juga enak buat kongkow bareng mentemen.. waitersnya ramah, penyajian pe;positive
Survei tempat, sambil healing;neutral
Ksni gegara ada acara pernikahan,,, suasananya ygpasti enak banget, nuansa alam..;positive
Cafe yg ideal utk foto2 bersama pasangan, teman ataupun keluarga dgn konsep desain indoor dan outdoornya yg unik, estetik dan tiap sudutnya begitu instagramable. The price is a bit stiff, but it's worth the money. Sure, you can get premium sweet food;positive
Rasa minuman dan cemilannya enak (rekomendasi: Cireng), pelayananya baik, suasananya asik, yang di indoor adem karna ada ac nya.Yang outdoor nya juga bagus, ada juga smooking areanya.;positive
Pelayan nya bisa senyum ga kalau muka keras kek emot batu diwa mending ga usah jadi pelayan aja;negative
kalo siang (sorry) agak bau pup kucing ya kalo di dalem,klo di luar enak sih;negative
Enak...;positive
Buttetcream latte juara baru! 💫 …;positive
"Tempat yang nyaman buat nongkrong ataupun kerja, ada ruang terpisahnya gitu.. Oke banget
Terus untuk minumannya top deh, makasih buat mbak barista udah rekomendasikan …";positive
crowded but good place to get funtalk with your partner and friends. With many choices in menu, you will feel free to choose kind of coffe and meal that you want. …;positive
Cafe yang pas buat dijadiin aktivitas kreatif baik sendiri atopun dengan keluarga (+ anak2)..., bisa buat kerja juga, buka 24 JAM dengan varian menu yang ga bikin bosan dan rasanya enak.. es teh party nya jumbooo... kopi Gano dan kopi …;positive
Tempat yang unik, dan bagus buat nongki;positive
Lumayan ramai;neutral
"Makanannya enak, rotinya bikin kenyang. Minumannya juga enak, dan baristanya pasti lihai banget. Tempatnya juga nyaman.
Cuman 1 yang kurang, mbak resepsionis/kasir kurang ramah dan ga fleksibel. Kita nanya, dia nanya balik sampe bikin ga nyaman. Haru";neutral
Toastnya juaraaa;positive
Sesuai harga;neutral
Tempatnya adem, ga berisik oleh ga terlalu di tengah jalan raya. Cocok buat ngobrol and meeting something like that, try it out !;positive
🙌🏻 …;neutral
Lukisan;neutral
"﻿pool_idx;ulasan;label";
"931;Bagus... tapi saya lebih suka ngopi pakai cangkir..";neutral
"2617;Untuk komfirmasi orderan online terlalu lama menunggu🙏🏻 …";negative
"jadi rasanya kaya lagi di saunaaaa~~~~~;positive";
"2143;Bau pup kucing";negative
"908;Lumayan pelayan kurang melayani karena pesanan tidak diantar";"tapi diambil di tempat pemesanan;negative"
"16;Cukup baik";positive
"382;Sebenar nya saya belum pernah kesini tapi karena saya pecinta kopi jadi saya kasih bintang lima";neutral
"untuk karyawan kitchen nya. makanan yg saya beli tadi nasi nya masih mentah dan masih di serving.;negative";
"2788;Tolong lebih detail lagi ya dalam menghidangkan makanan saya pesannya ayam teriyaki untuk take away tapi malah dikasihnya salted egg karna take away jadi saya juga kurang melihat makanan yang dikasih";"di receipt yang diberikan juga …;negative"
"1769;Lumayan sering nongki disni dekat dengan sekolah anak. makanan dan minuman lumayan enak";"harga bersahabat;positive"
"2744;Cafe nya bagus cuma cucian nya lama antri";negative
"1030;Kalau kata nex carlos “ga ada obat!!”";positive
"3063;lamaaaa bngettt nunggu makanan nya";negative
"1156;Dari order ( dine in ) sampe ready minumannya 1 jam 😭 gojek & grab datang silih berganti & antriannya bareng dgn yg dine in jujur 1 jam lama banget apalagi klo cuma pengen sekedar nongki & ngopi yg gak berlama2 🙏";"semoga bisa ditingkatkan pelayanannya biar bisa lebih cepet gak sejam …;negative"
"2891;Tadi jam 8 pagi kesana. Ternyata masih prepare :(";neutral
"makanan udh habis roti belum datang;negative";
"dan toping"""" seperti bawangnya udah pada kurang seger"";negative";
"mungkin byk orderan kali ya;neutral";
"659;hingga saat saya update review hari ini (6/8/2023) coffeeshop ini menjadi salah satu yang buka 24 jam.. jadi saat anda tiba-tiba ingin ngopi setelah tahajud atau ba'da shalat subuh";"bisa jadi opsi;positive"
"2675;Apotik tutup ga ada obat";neutral
"2590;Pelayan/baristanya ada beberapa yang kurang ramah dan memasang wajah tidak suka kalau ditanya mengenai pesanan. Mesan makanan lebih dari 1 jam baru datang sampai 2x bertanya ke kasir";"dan kasir/baristanya jawabnya judes. untuk org2 yg bekerja dgn jam istirahat terbatas tentu jadi hal yg tidak menyenangkan. semoga owner baca.;negative"
"1454;Tempatnya lumayan yg menurutku gak fair itu";"gak ada harganya di menu. ini jadi nilai minus sekali. terkesan menutupi harga.;negative"
"1649;bingung masih pada muda seperti terpelajar. tapi sama sekali tidak ramah. sya datang dgn sopan menanyakan pw wifi disuruh tunggu smpai 3 kali bertanya. sekali jawab. ngegas dan bilang wifi penuh. yaa kalo pasang wifi gratis";"jgn cuman 1 atau 2. jgn smpai ada limitnya lah;negative"
"masa makanannya dilempar;negative";
"1538;Makanan agak kurang rasa kopinya standar. Harga jg standar. Pelayanan oke sih tp. Cm mungkin krn ini cafe hitz ya jd ramai beut";"agak ga cocok utk yg ga gitu suka suasana ramai.;negative"
"2676;saya kasih bintang dua ribu";positive
"2594;Makanan minumannya gaada masalah enak enak aja tapi tolong dievaluasi pelayanannya. Saya liat ada review serupa di bawah sekian bulan yg lalu tapi masih aja pelayanannya kurang mengenakan. Inputnya lambat sambil ngobrol dan sibuk sendiri";"…;negative"
"3332;Makanan nya enak. Tapi sayang bartender nya yg dibagian kasir ketus dan kurang sopan. Kami makan bayar gak minta minta.";negative
"1924;Lampu di luar kurang terang";neutral
"karena kalo kita nunggu diluar ketika orderan selesai tidak di antarkan dan dikasih tau. …;neutral";
"gak ngaku lagi kalau gak ditanya.;negative";
"2984;Untuk minumannya lumayan enak harga standar tapi untuk pelayanannya bisa diperbaiki. Karena kemaren pesen kopi aja buat 3 orang lebih setengah jam menunggu";"ternyata setelah dikonfirmasi pesanannya sudah dibuat tapi ga diantar (terjadi …;negative"
"2238;24 jam ! kalo di usir dari rumah bisa disini 🐷🗿✨ …";neutral
"2682;Wonderful experience";positive
"ditanya ke kasir katanya """"Lupa"""""";negative";
"2308;Kurang penjelasan menu paket puasa. Dimenu banyak pas datang cuman 1 menu";negative
"2395;20/02/25 pesen roti Bakar Tiramisu sama Soto Betawi Roti nya rasa Beef Burger asin bneran rasa Patty burger di kasih tiramisu Soto Betawi kuah enak sayur oke Daging nya ga matengg alot prengus daging sapi";"emping ga matang …;negative"
"129;Sebenarnya lumayan karna bisa nunggu sambil ngopi di cafe. Sayang hadil nyuci motor ngga ada bedanya ngga ada bersih bersihnya. Mengecewakan. Foto hasil saya lap sendiri juga. Krn darisana memang Ngga di lap kering";"jadi kalau langsung dibawa jalan debu bakal nempel semua.;negative"
"2365;""makanan datengnya lambat barista nya juga kurang ramah harusnya basa basi lah minta maaf atas keterlambatan. tapi gak ada bilang apa""""";"muka nya jutek 😅 …"";negative"
"2764;Tadi malam ke cafe tersebut untuk menonton standupcomedy skalian makan main course dan minum saya pesan bersama pacar chicken katsu teriyaki blackpapper dan sambal matah";"lyche tea. sudah bayar dong dan dikasih nomor meja. nunggu 1jam ga …;neutral"
"hati2 yg mau cuci dsni;negative";
"2597;Saya tidak akan komplain ttg makanan namun soal pelayanannya. Kami datang berempat. Pesan 4 main course 3 snack 1 dessert";"6 minuman (sudah dobel check kalau masih ada). …;neutral"
"685;Minumannya enak dan menu NW Noodlesnya bisa request sesuai keinginan saya waktu itu. Saya ga nyangka cafe se-fancy ini bisa buka 24 jam. Di kota lain belum tentu ada yang kayak begini. …";positive
"557;Hmmm lumayan enak minumannya. Pelayanan lumayan agak lama dikit. Agak gerah walau udah di AC. Banyak kok colokannya …";neutral
"2159;Pesen didepan ambil sendiri setelah dipanggil lewat speaker selain cash bisa transfer";"belum ada pembayaran qris …;neutral"
"848;Kami datang jam 09.00 belum buka. Padahal di jadwalnya jam 09.00 cabang hq atau cut nyak dien sudah buka Menunggu hingga 09.10 masih blm buka. …";negative
"kentang keju dan indomie khas mereka dan 2 minuman. …;neutral";
"2468;Cafe yang selalu aku kunjungi (lagi dan lagi) suasananya ok klo mau berdua sama suami ya bisa di luar klo bawa anak2 ya duduk di dalam makanannya cocok 👍 lbh suka camilannya sih di sini";"dan andalan aku tuh minumannya_hazelnut 🤩 ga prnh ketinggalan ambil ini tiap kali datang 😙 + selalu selfie di cerminnya 🤭 …;positive"
"1005;Selalu ramai";neutral
"2740;Risolnya enak ga pelit sayur dan isiannya ga kering";"jadi masih berasa sayurannya.;positive"
"cuman tolong kursi di indoor jgn terlalu mepet;neutral";
"2786;Ok aja makanan nya tapi lama banget selesai buatnya sampai sejam pula";negative
"1615;TAGUK HA SEKARANG BEDA DENGAN TAGUK HA YANG DULU. NUNGGU PESANAN NASI GORENG TAGUK HA DAN KOPI HITAM MANIS BEGITU LAMA. DULU ORDERAN GOJEK CEPAT SELESAI SEKARANG BEGITU LAMA. …";negative
"2127;Tempatnya nyaman cuman mohon maaf servisnya lama dan indoornya kurang bersih";"banyak kucing peliharaan berkeliaran dan ada bau kurang enak;negative"
"12;Cafe outdoor lumayan rame juga";neutral
"2243;untuk makanan nya yang di iklan briyani ga sesuai";negative
"662;pesanan nya LAMA BANGET DATANG ya wajar dong nanya pesanan nya sejam lebih belum dateng padahal tempat nya sepi kocak";"waktu di antar muka mbanya cemberut terus makanan nya di lempar!?!?!? mana ga enak lagi;negative"
"motor teman saya jatoh lalu ga bisa hidup sampai sekarang. Tolong lebih di perhatikan akan pertanggung jawabnya;negative";
"harga minuman nya rata rata diatas 22rb.;neutral";
"kurang menguasai menu;negative";
"1275;Tempatnya sangat nyaman instagramable juga. Untuk harga agak lumayan sih tapi yg menurut saya kurang yaitu gak ada makanan berat hehehe tapi ya emang cafe ya tempat nongkrong sihh ga makan berat";"tapi alangkah enaknya kan kalo nongkrong bisa sambil makan nasi 😅😅 …;neutral"
"372;suka dg vibesnyaa.. lokasi di jantung ibukotaa.. harga murce ajaaa.. …";positive
"1689;Harga bersahabat";positive
"380;Ramah pelayanannya dan bisa 24 jam datang ke sini";positive
"1131;Parkiran tolong diperhatikan lagi kalo gak ada lahan parkir mending pindah. Baret mobil saya di dempet2 Ama kang parkir. Layanan cashiernya gak bersahabat banget. Tapi gpp ketolong Ama makanannya yang enak. PR banget buat Parkirnya. Sekarang kalo kesana pake motor";"tapi gak bisa rame2 ama temen. huh;negative"
"1051;Bukan untuk yang kelaperan dan buru-buru. Nikmati kopinya... ngobrol bersama teman/keluarga sembari menunggu makanan disiapkan bisa mengurangi rasa bosen/lama menunggu makanan kita siap.";neutral
"37;Lumayan enak dan ramai";positive
"686;Servisnya kurang...ga ramah dan ku pinjem terminal sampe balik ga ada diantar🥱 …";negative
"163;Suasana cafe nya lumayan.....hasil cuci mobil tidak sesuai ekspetasi dan tidak sesuai dengan lamanya menunggu";negative
"2428;Cuma pesan cheseecake 1 potong luammmmmaaaaaa polll. Hampir 1 jam lebihi. Nangis banget sama waktu tunggunya";negative
"1197;Sangat memuaskan dlm pelayanan nya. tdk ngantri lama";positive
"75;Siang jam 11.20 Nyobain karena ada iklannya di Ig pesan special chicken steak ayam kentang telur dan saosnya Alhamdulillah bisa dinikmati sayuran bekunya sayangnya basi";"pas lagi nunggu makanan datang ternyata cafeenya punya pet dogy yang lagi santai di outdoor dan suasana indoornya kurang sejuk (lumayan agak meleleh keringat);negative"
"1121;Take a way 1 gelas kopi lewat aplikasi nunggu hampir 20 menit Padahal waktu itu gak banyak orang Ayo mba2 yang cantik yg krja dsna jgn byk ngobrol/ghibah..";negative
"saus dan kecapnya cuma satu didepan kita harus ambil kedepan. Tisu pun harus ambil sendiri gak disediakan di meja. Sayang banget padahal makannya oke;negative";
"2380;minuman nya ga sesuai foto";negative
"makanannya lumayan. Tempatnya enak;positive";
"tolong ditingkatkan lagi🙏 …;negative";
"1982;Pelayanan nya bad";negative
"karna cuman pengen ngopi.. dan ternyata kopix enak banget. Mau Panas ato dingin.. mantul pokoky👍😘👍;positive";
"38;Lumayan. Pesan hot coffe tapi gak sepanas itu😅😅 …";neutral
"672;Pesanan lama banget datengnya pas ditanya malah mbanya nganter sambil judes banget dilempar lagi";"trus langsung pergi. pepek;negative"
"1033;Untuk kupinya agak lumayan terasa buat strongnya. Tempat lumayan banyak kursinya. Di dalam kurang dingin malah agak cenderung hangat. Pesan cemilan agak lama selesai nya. Sukses selalu..";neutral
"yg ounya maag tak saranin jangan kesini;neutral";
"912;tempatnya lega dan kopinya lumayan. cuma untuk disuruh ngambil dari lt.2 itu agak melelahkan";neutral
"kalo sepii wkwk. bukan maksud mendoakan cafe ini agar sepi tapi saya suka banget feelnya kalo lagi sendirian dan ga ada orang lain. kalo udh jam makan siang bakal rame ini cafenya wkwk. sukses terus;positive";
"2427;Pelayanan lama makanan yang disajikan udah dingin suka salah antar padahal kita pesan duluan kasir tidak ramah dan mau order pesanan lagi harus nggu 5 menit katanya lagi sibuk produksi Beans pas ada costumer baru langsung langsung dilayani angsulan uang kembali nggk ada harus nggu lagi";"cukup sekali aja kesini;negative"
"1574;Masih perlu dibenahi";neutral
"149;estimasi pesanan tidak sesuai katanya cuman 15 menit taunya hampir 1 jam dari belum hujan sampai hujan sampai reda sampai hujan lagi";"yg selesai duluan malah orderan driver lain yg baru datang;negative"
"160;Kemaren pas datang ke sini cuman bisa jajan minumannya aja makannanya sold alias gak bisa di pesan";"sayang sekali sihh. …;neutral"
"1627;tidak ramah pelayanannya. masa meja kotor minta tolong dibersihin malah di bersihin samphnya doang bekas nya gk dilap. pas minta tolong buat ngelap meja malah disuruh ngelap sendiri ambil kainnya dibawah. gimana sih bikin mood hancur aja";negative
"2797;Kopinya enak tp chicken egg salted nya sih yang paling berkesan gak bau amis dan rasa telur asinya berasa tapi gak amis sayang porsinya masih sedikit bwt saya trutama egg saltednya kesedikitan";"kalo bisa ada tisu sih tiap table atau gak kasih yg tiap pesan makanan tisu;neutral"
"130;sama saya kemaren sering nyuci mobil di sini sering di nego terus padahal cuman pasir dikit aja dgn alasan klo kotor ada biaya tambahan";"klo bersih buat apa saya nyuci mobil. buat owner nya lain kali di perhatikan lagi deh karyawan nya.;negative"
"1882;Tempatnya enak walau ga terlalu luas. 2 kali dateng selalu outdoor klo malem diatas jam 9 dingin. Dibawah itu klo cuacanya panas bakal panas karna gada angin. Minuman enak dan terjangkau";"pelayanan ramah. pembayaran cash(lupa bisa kartu apa engga) dan gada wifi;neutral"
"gak kayak punya temen aku yg sedikit lebih banyak dari pada punyaku. Apa di sini jualan gak ditimbang dulu yaa?. Lalu teman saya mesan lumpia goreng yg datang malah kentang goreng.;negative";
"676;Suasana malam hari nya ok banget Buat ngobrol sm kawan2 Makanan minuman lumayan ok lah Harga standar";positive
"861;sampai jam 4 subuh cuy";neutral
"1984;Makanannya lumayan tapi terlalu manis. Pelayanannya lama dan kacau";"sepertinya perlu ditingkatkan.;negative"
"2871;mesan satu jam.tp pesanan tdk d bikin 😔 payah sekali pelayanannya. harus lebih teliti. kasian pelanggan menunggu sangat sangatt lama. 🥱 …";negative
"2276;Secara keseluruhan baik saya datang untuk menghadiri event tempat parkir yg kecil menjadi salah satu permasalahan nya";"semoga kedepan bisa lebih berkembang;positive"
"2443;Nasib ojol nah. Masuk orderan 5:30 selesai makanan nya 6:45. Tolong pang jgn terlalu tega. Kalo 40 menit masih wajar.. sama mencari rejeki jua ngejar waktu..";negative
"2015;Makanan enak minuman enak lokasi bagus .cocok lah untuk santai . Saran fasilitas kurang musholla waktu pertamakali datang musholla bisa digunakan";"kedua kali datang sudah tidak bisa lagi digunakan. semoga mushollanya segera bisa digunakan kembali.;positive"
"nunggu hampir 2 jam baru dibikinkan padahal keadaan cafe tidak terlalu ramai.bahkan kasir tidak ada rasa bersalah atau meminta maaf sama …;negative";
"1036;Saya kasih bintang 4 karena saya harus menunggu 55 menit untuk makanan siap dihidangkan. Saya datang siang hari pukul 11.30 WIB jam makan siang. Untuk pelayanan nya ramah";"caramel macchiato favorit saya dan rekomen buat kalian. nasi di …;positive"
"165;Cuci mobil kualitas dan harga tidak sesuai...";negative
"mau kerja malah kesel. Alasannya wifi banyak yang pake jadi lemot;negative";
"3173;Hanya pesan 2 kopi susu tapi sangat lama";negative
"1038;Tidak rekomendasi untuk pesan via online... Terlalu lama ...";negative
"kopi pakai cup plastik 😄😉 …;neutral";
"jera bgt kesini wkwkwkkw kaya ngemis aja padahal kita beli malah dijudesin wkwkwk jera;negative";
"2598;Kalau belum bisa handel orderan online mending tutup aja dulu";"pesan di gojek ber jam jam;negative"
"udah gitu mbaknya jutek lagi;negative";
"2111;Anda bisa";neutral
"997;Lumayan panas AC kurang enak";"minuman standar;negative"
"1127;Bikin minuman sangat lama padahal pagi itu saya sendirian tidak banyak antrian. Kerja baristanya agak lelet dan banyak ngobrol. Menunggu 4 minuman dengan menu sama sampai 30 menit. Sangat buang2 waktu. Mungkin perlu training agar lebih bekerja lebih efisien dan gerak lebih cepat lagi.";negative
"2248;Buka 24 jam kacauwww Tapi sayang untuk parkiran mobil harus di bahu jalan kinibalu";neutral
"walau siang terasa adem tidak panas... Klo rasa mnurut saya sih pas karena sesuai takaran ukuran...;positive";
"1501;Saya kira Dubstep 😂 …";neutral
"1160;Datang pas awal2 buka jadi masih rame2 orang dan kalo duduk di dalam ac nya gak terlalu berasa tapi gak papa lah untuk makanan dan minumannya ya standar lah karna kan tergantung masing2 selera orang";"sedikit masukan aja paling tambahin mic aja buat manggil2 cust biar gak habis suara karyawannya karena faktor lumayan bising lah;neutral"
"564;Lama bgt jadi makanannya. Pesen bakmi. …";negative
"tapi americanonya lumayan;neutral";
"73;Sebelum disajikan ada baiknya makanan yg disajikan dicicipi dulu tadi saya pesan makanan sayurnya ternyata basi";negative
"86;Tempat asik nongkrong ditengah kota dengan gaya container cafe terbuka... Rasa ya sesuai harga lah...";positive
"3184;Lumayan lah untuk ngopi dan menghilangkan penat sebentar dari aktifitas kerja.";positive
"271;Pelayanan cepat. Makanan minuman affordable. Tempat muda mudi nongkrong yang cukup rame. 24 jam pula yang bikin bisa dateng kapan aja.";positive
"2780;Satenya asin banget leci tea hambar";"harga gak sesuai sma omongan di awal;negative"
"1663;parkir mobil ga jelas mau turun mobil gagal terus karena posisi salah sampai dua kali. kalau memang tidak ada tukang parkir";"ya dibantu garis parkir lah.;negative"
"tapi terlalu ramai sehingga untuk privasi agak kurang. Kalau mau privasi room harus jd membee dulu.;positive";
"kalau malam penuh kalau siang lebih enak buat …;positive";
"2698;Kalo bisa pintu depan diperbaiki.. agar tidak jd pusat perhatian pas kebanting";neutral
"dan selalu terlihat ramai. Baru kali ini berkesempatan mampir. Dan di sini buka 24 jam katanya. Malam ini edisi non coffee karena tenggorokan sedang kurang enak. Mungkin bisa lah besok-besok kita coba klo perlu kopi dinihari yaa;positive";
"2171;Makanan beratnya gak ada. Mungkin lebih hidup jika ada live musicnya";neutral
"571;Overoll oke aja sich cuman yg agak ganggu selokkan yg disamping tempat pembuangan...baunya keciuman ampe tempat duduk";"mudah2an kedepannya lebih baik lagi;neutral"
"2606;minta tolong bgt di tegur karyawannya atau barista nya lebih ramah senyum kepada cust saya sering memberikan tips namun kurang berterimakasih";"tolong manner nya ya karyawan dan barista justmine.;negative"
"1785;duh tolong bgt kalo owner nya suka bacain minta tolong bgt di tegur karyawannya yang suka judgemental baru masuk pintu aja udah di ketawain emang kenapa? ga pernah liat manusia ya karyawannya? ciri” barista yang judgmental yang bertatto";"…;negative"
"60;Pesan ayam rica-rica yg datang lebih byk tulangan ayam drpd daging ayamnya maaf boleh diperbaiki kualitas menu ayam rica2nya";"rasanya enak cuman disayangkan pas makan berasa makan tulang semua.;neutral"
"cuman kalo hujan agak repot karena blm tersedia payung.;neutral";
"2835;Asik lumayan estetik";positive
"110;Tempatnya gak membosan kan";positive
"2714;Kopinya lumayan enak";positive
"2260;Ada daftar harganya ga gan";neutral
"kalo udah oke will give 5 stars soon …;neutral";
"infonya 24 jam.;neutral";
"1613;Saya dari user gofood karena gofood gabisa ngasi review kalo belum beli jadi saya izin ngasi review di sini. Mau nyaranin aja";"semisal makanan habis tolong banget ngomong sama customer atau batalin pesanan customernya. jangan pas driver …;negative"
"3104;Pelayanannya bisa di tingkatkan lagi. Pesen makanan 3 datang nya gk bersamaan. Pesan makan dari jam 19.33 makanan terakhir diantarnya jam 20.35 😭😭😭 Waiternya jga pas nganter bingung sendirian nyari costumer yg pesan yg mna jadinya nanya ke meja satu2 😭😭😭 …";negative
"520;Cukup ramai dikunjungi";neutral
"2371;Pelayanannya terlalu lama antrian lewat online disamakan dgn orang yg makan ditempat kasian deiver nunggu pesanan sampai 1 jam";"harusnya dibedakan yg beli online dgn yg offline👎👎 sangat mengecewakan …;negative"
"2547;kasir input sesuai pesanan ramah";"dan tetap sabar saat masih pilih menu;positive"
"951;muantap kopi perpaduan gula arenya harga wong desoooooooiio";positive
"726;Baru pertama kali jadi belum bisa komentar apa-apa";neutral
"3223;Barusan pesan makanannya lewat gojek pesan menu sweet and sour chiken untuk nasinya tolong di perhatikan lagi ya ka soalnya kaya masih mentah dikit untuk ayamnya enak bumbunya enak cuma paling di banyakin aja lagi bumbunya karena";"…;negative"
"2076;Taste wise enak2 masakannya. Beli sup iga dan ayam sambal mattah. Trs juga ada BONELESS chicken wings tapi datangnya kok sayap DENGAN TULANG? Boneless artinya kan tidak pake tulang? “Oh tapi kita jualnya memang begitu kak”. Ya kali kalo gt diganti aja nama menunya kak jangan pake kata2 boneless";"misleading banget 🙏;neutral"
"1850;Buku menu nya bagus namun pas dipesa pada habis dan ga dibuat lama banget masaknya minumnya mahal dan isinya sedikit dihidangkan duluan akhirnya menunggu makanannya datang minumanny udh habis";"poor;negative"
"tapi sepertinya bakal langganan.. 😍 …;positive";
";neutral";
"431;Minumannya enak tapi Wifinya jelek. Aku ngetes pakai 2 hp ku gabisa join wifi mungkin karna banyak orang. Syukurnya di laptop bisa. Kalo bisa dinaikin lagi Mbpsnya dan Outdoor perbanyak lagi colokan biar orang yg WFC+smoker bisa kerja di caffe ini.";neutral
"593;Mienya lumayan enak. Untuk minuman yaa tergantung selera lah lumayan enak jg kok. Tempatnya bagus tapi karena dekat banget dengan masjid";"biasanya di jam² tertentu bakal kedengaran nyaring banget suara dari masjidnya.;positive"
"402;Enak dan sesuai harga...";positive
"1161;untuk service sangat2 lama dibandingkan gerai Fore yang lainnya padahal karyawan yang melayani cukup banyak.. pemesanan makanan di aplikasi tidak diberikan notif ketika selesai sehingga harus menunggu 40 menit tidak dipanggil2";"ketika dikonfirmasi kembali ke meja pengambilan baru diberikan..;negative"
"2236;Pelayanan buruk saya pesan omelete dan kentang goreng memakan waktu lebih dari 40 menit";"sampai review ini dibuat pesanan saya belum datang;negative"
"3051;Lokasi di tengah pemukiman penduduk tempat parkir cukup ramah";"menu lumayan;positive"
". Dan tempat tunggu nya agak kurang kecuali kita di dalam cafe;neutral";
"1162;selalu lambat pesanan jadi tiap kali kesini gak pernah garcep padahal baristanya banyak tapi tetap lama pesanan jadi";negative
"1147;Mending banyakin barista . jgn dicampur gojek sama dine in . mau dine in njirr lama banget .";negative
"bahkan snack nya sudah duluan diserve …;negative";
"1335;Lumayan lama mana di suruh cepat terus sama customer :v";negative
"1343;Enak kopinya pas. Sesuai harga";positive
"2101;makanan minuman rekomended dan suasana out door kalau siang panas tapi cukup nyaman karna dibawah pohon";"kalau malam mungkin lebih nyaman ..;positive"
"3445;makanan minuman rekomended dan suasana out door kalau siang panas tapi cukup nyaman karna dibawah pohon";"kalau malam mungkin lebih nyaman ..;positive"
"17:35 di kasih tau klo jm 18:00 ada yg reservasi klo emng ada batas waktu nya dikasih tau dong sampai jm brpa.emng gitu ya etika nya meja yg masih ada org nya dibilang nanti ada yg reservasi sedangkan masih ada org nya. Harus nya klo emng ada aturan reservasi dikasih tau!!!!;negative";
"tapi beberapa menu lainnya aku rasa kurang. Terakhir ke sini pesen soto surabaya dan nasi goreng ikan asin. Soto surabayanya …;neutral";
"1055;menu makanan sudah sangat variatif tapi utk minuman kurang variatif agar ditambah teh atau jeruk hangat";"maklum konsumen ada yg kadang tidak suka kopi dan minuman dingin;neutral"
"kalau di out door bau pedesnya lumayan menggoda ..lapar 😃😃 karna disamping ada r.makan seblak 😀;positive";
"padahal sy pikir sudah dicatat. Setelah saya tunggu lama (karena saya pikir masih dimasak) ternyata baru tau kalau pesanan kami tidak dicatat...parah;negative";
"3125;Kesan pertama datang ke plovdiv Tempatnya lumayan nyaman Makanan & minuman harga standard Rasa boleh juga👍 …";positive
"2692;lama bgt ga recomend mending cari tempat lain";";negative"
"3103;""Pelayanannya sangat banyak kurangnya Kami sdh paling duluan memesan makanan tapi yg dilayani org yg baru datang";"makanan kami 1 jam kebih ga datang"""". …"";negative"
"2607;Tolong jadi evaluasi untuk pesanan online .. tiap orderan di sini sllu lama nunggu. Driver kerja dgn waktu . Bukan waktu byk kebuang di resto yg nunggunya lamaaaa";negative
"1953;Datangnya 2 jam";negative
"cmn sygnya kurang nyaman buat bawa baby krn ga ada kursi duduk baby kayak di restoran/cafe lain.. Jadi agak susah kalo mau naruh baby nya & harus bawa stroller sendiri.. Selama ini sih …;neutral";
"2852;pelayananya keos udh nunggu sejaman ga dateng' pas ditanyain ke baristanya ktnya lupaa wkwkwk ceos tbk..kecewa pdhl biasanya enak aja";negative
"2793;pelayanan sangat tidak ramah malah ngatain pengunjung bukan cuman satu ngatain rame rame lagi hampir seluruh pelayan nya";"kalau memang tidak suka bisa di omongin langsung secara baik baik;negative"
"ayam wokunya lumayan enak;neutral";
"1609;Kasir nya cakep banget";positive
"1037;Sumpah dah makan pangsit kuah isi dalamnya kek agak basi tu kenapa yak gak ku habisin";"ku makan kuahnya aja;negative"
";neutral";
"jadi pengap gt terus pernah liat mba2 baristanya marah2in gojek yg nanya pesanannya. Harusnya tetap bs gunakan bahasa yg sopan. For coffee dan snacks fore selalu enak sih;neutral";
"273;Tempatnya bagus sih wifinya ga ada ya? Setidaknya kalau wifi ga ada";"bisa kalii ditambah beberapa permainan misalnya kartu tod atau uno;neutral"
"1620;Tempat adem nyaman dan cukup strategis. Harga minuman masih terjangkau standar. Rasa enak";"cuman kalo untuk yang gak terlalu suka manis mungkin bisa request less sugar☺️;positive"
"2964;Tidak sesuai pesanan";negative
"2258;24 jam buka 👍 …";neutral
"…;negative";
"1670;Biasa aja lama antar makananya";"tdk di sebutkan estimasi waktunya juga.;negative"
"harga lumayan murah;positive";
"2837;Lumayan buat nongki";positive
"2344;Halo mohon maaf sebelumnya malam ini Selasa 25 Januari 2025 saya ke sini dan pesan ayam sambal matah roti maryam dan kopi";"untuk ayam sambal matah nya mohon maaf ayam nya sepertinya sudah lama dalam freezer karena ketika dimakan rasanya …;negative"
"porsi dikit tapi layanan dan suasan mntap lah dah itu aja .;neutral";
"549;Semoga harimu menyenangkan";neutral
"387;Tempat bersih & selalu ramai dikunjungi kawula muda";positive
"2800;Tempatnya bgus ada indoor dn outdoor nya 👍 agak lama klo pesan makanan. Pas dtg makanan nya dingin 😀 …";neutral
"3272;Suka suka 😊😊 …";positive
